<?xml version="1.0" encoding="UTF-8" ?>
<!DOCTYPE mapper
        PUBLIC "-//mybatis.org//DTD Mapper 3.0//EN"
        "http://mybatis.org/dtd/mybatis-3-mapper.dtd">

<mapper namespace="com.nhnacademy.jdbc.board.student.mapper.StudentMapper">
    <select id="selectStudent" resultType="com.nhnacademy.jdbc.board.student.domain.Student">
        select *
        from JdbcStudents
        where id = #{id}
    </select>

    <select id="selectStudents" resultType="com.nhnacademy.jdbc.board.student.domain.Student">
        select *
        from JdbcStudents
    </select>

    <insert id="insertStudent">
        insert into JdbcStudents(id, name, created_at)
        values (#{id}, '${name}', #{createdAt})
    </insert>

    <update id="updateNameById">
        update JdbcStudents set name='${name}'
        where id = #{id}
    </update>

    <delete id="deleteById">
        delete from JdbcStudents where id=#{id}
    </delete>
</mapper>
